1;Luís;Gonçalves;Embraer - Empresa Brasileira de Aeronáutica S.A.;Av. Brigadeiro Faria Lima, 2170;São José dos Campos;SP;Brazil;12227-000;+55 (12) 3923-5555;+55 (12) 3923-5566;luisg@embraer.com.br;3
2;Leonie;Köhler;\N;Theodor-Heuss-Straße 34;Stuttgart;\N;Germany;70174;+49 0711 2842222;\N;leonekohler@surfeu.de;5
3;François;Tremblay;\N;1498 rue Bélanger;Montréal;QC;Canada;H2G 1A7;+1 (514) 721-4711;\N;ftremblay@gmail.com;3
4;Bjørn;Hansen;\N;Ullevålsveien 14;Oslo;\N;Norway;0171;+47 22 44 22 22;\N;bjorn.hansen@yahoo.no;4
5;František;Wichterlová;JetBrains s.r.o.;Klanova 9/506;Prague;\N;Czech Republic;14700;+420 2 4172 5555;+420 2 4172 5555;frantisekw@jetbrains.com;4
6;Helena;Holý;\N;Rilská 3174/6;Prague;\N;Czech Republic;14300;+420 2 4177 0449;\N;hholy@gmail.com;5
7;Astrid;Gruber;\N;Rotenturmstraße 4, 1010 Innere Stadt;Vienne;\N;Austria;1010;+43 01 5134505;\N;astrid.gruber@apple.at;5
8;Daan;Peeters;\N;Grétrystraat 63;Brussels;\N;Belgium;1000;+32 02 219 03 03;\N;daan_peeters@apple.be;4
9;Kara;Nielsen;\N;Sønder Boulevard 51;Copenhagen;\N;Denmark;1720;+453 3331 9991;\N;kara.nielsen@jubii.dk;4
10;Eduardo;Martins;Woodstock Discos;Rua Dr. Falcão Filho, 155;São Paulo;SP;Brazil;01007-010;+55 (11) 3033-5446;+55 (11) 3033-4564;eduardo@woodstock.com.br;4
11;Alexandre;Rocha;Banco do Brasil S.A.;Av. Paulista, 2022;São Paulo;SP;Brazil;01310-200;+55 (11) 3055-3278;+55 (11) 3055-8131;alero@uol.com.br;5
12;Roberto;Almeida;Riotur;Praça Pio X, 119;Rio de Janeiro;RJ;Brazil;20040-020;+55 (21) 2271-7000;+55 (21) 2271-7070;roberto.almeida@riotur.gov.br;3
13;Fernanda;Ramos;\N;Qe 7 Bloco G;Brasília;DF;Brazil;71020-677;+55 (61) 3363-5547;+55 (61) 3363-7855;fernadaramos4@uol.com.br;4
14;Mark;Philips;Telus;8210 111 ST NW;Edmonton;AB;Canada;T6G 2C7;+1 (780) 434-4554;+1 (780) 434-5565;mphilips12@shaw.ca;5
15;Jennifer;Peterson;Rogers Canada;700 W Pender Street;Vancouver;BC;Canada;V6C 1G8;+1 (604) 688-2255;+1 (604) 688-8756;jenniferp@rogers.ca;3
16;Frank;Harris;Google Inc.;1600 Amphitheatre Parkway;Mountain View;CA;USA;94043-1351;+1 (650) 253-0000;+1 (650) 253-0000;fharris@google.com;4
17;Jack;Smith;Microsoft Corporation;1 Microsoft Way;Redmond;WA;USA;98052-8300;+1 (425) 882-8080;+1 (425) 882-8081;jacksmith@microsoft.com;5
18;Michelle;Brooks;\N;627 Broadway;New York;NY;USA;10012-2612;+1 (212) 221-3546;+1 (212) 221-4679;michelleb@aol.com;3
19;Tim;Goyer;Apple Inc.;1 Infinite Loop;Cupertino;CA;USA;95014;+1 (408) 996-1010;+1 (408) 996-1011;tgoyer@apple.com;3
20;Dan;Miller;\N;541 Del Medio Avenue;Mountain View;CA;USA;94040-111;+1 (650) 644-3358;\N;dmiller@comcast.com;4
21;Kathy;Chase;\N;801 W 4th Street;Reno;NV;USA;89503;+1 (775) 223-7665;\N;kachase@hotmail.com;5
22;Heather;Leacock;\N;120 S Orange Ave;Orlando;FL;USA;32801;+1 (407) 999-7788;\N;hleacock@gmail.com;4
23;John;Gordon;\N;69 Salem Street;Boston;MA;USA;2113;+1 (617) 522-1333;\N;johngordon22@yahoo.com;4
24;Frank;Ralston;\N;162 E Superior Street;Chicago;IL;USA;60611;+1 (312) 332-3232;\N;fralston@gmail.com;3
25;Victor;Stevens;\N;319 N. Frances Street;Madison;WI;USA;53703;+1 (608) 257-0597;\N;vstevens@yahoo.com;5
26;Richard;Cunningham;\N;2211 W Berry Street;Fort Worth;TX;USA;76110;+1 (817) 924-7272;\N;ricunningham@hotmail.com;4
27;Patrick;Gray;\N;1033 N Park Ave;Tucson;AZ;USA;85719;+1 (520) 622-4200;\N;patrick.gray@aol.com;4
28;Julia;Barnett;\N;302 S 700 E;Salt Lake City;UT;USA;84102;+1 (801) 531-7272;\N;jubarnett@gmail.com;5
29;Robert;Brown;\N;796 Dundas Street West;Toronto;ON;Canada;M6J 1V1;+1 (416) 363-8888;\N;robbrown@shaw.ca;3
30;Edward;Francis;\N;230 Elgin Street;Ottawa;ON;Canada;K2P 1L7;+1 (613) 234-3322;\N;edfrancis@yachoo.ca;3
31;Martha;Silk;\N;194A Chain Lake Drive;Halifax;NS;Canada;B3S 1C5;+1 (902) 450-0450;\N;marthasilk@gmail.com;5
32;Aaron;Mitchell;\N;696 Osborne Street;Winnipeg;MB;Canada;R3L 2B9;+1 (204) 452-6452;\N;aaronmitchell@yahoo.ca;4
33;Ellie;Sullivan;\N;5112 48 Street;Yellowknife;NT;Canada;X1A 1N6;+1 (867) 920-2233;\N;ellie.sullivan@shaw.ca;3
34;João;Fernandes;\N;Rua da Assunção 53;Lisbon;\N;Portugal;\N;+351 (213) 466-111;\N;jfernandes@yahoo.pt;4
35;Madalena;Sampaio;\N;Rua dos Campeões Europeus de Viena, 4350;Porto;\N;Portugal;\N;+351 (225) 022-448;\N;masampaio@sapo.pt;4
36;Hannah;Schneider;\N;Tauentzienstraße 8;Berlin;\N;Germany;10789;+49 030 26550280;\N;hannah.schneider@yahoo.de;5
37;Fynn;Zimmermann;\N;Berger Straße 10;Frankfurt;\N;Germany;60316;+49 069 40598889;\N;fzimmermann@yahoo.de;3
38;Niklas;Schröder;\N;Barbarossastraße 19;Berlin;\N;Germany;10779;+49 030 2141444;\N;nschroder@surfeu.de;3
39;Camille;Bernard;\N;4, Rue Milton;Paris;\N;France;75009;+33 01 49 70 65 65;\N;camille.bernard@yahoo.fr;4
40;Dominique;Lefebvre;\N;8, Rue Hanovre;Paris;\N;France;75002;+33 01 47 42 71 71;\N;dominiquelefebvre@gmail.com;4
41;Marc;Dubois;\N;11, Place Bellecour;Lyon;\N;France;69002;+33 04 78 30 30 30;\N;marc.dubois@hotmail.com;5
42;Wyatt;Girard;\N;9, Place Louis Barthou;Bordeaux;\N;France;33000;+33 05 56 96 96 96;\N;wyatt.girard@yahoo.fr;3
43;Isabelle;Mercier;\N;68, Rue Jouvence;Dijon;\N;France;21000;+33 03 80 73 66 99;\N;isabelle_mercier@apple.fr;3
44;Terhi;Hämäläinen;\N;Porthaninkatu 9;Helsinki;\N;Finland;00530;+358 09 870 2000;\N;terhi.hamalainen@apple.fi;3
45;Ladislav;Kovács;\N;Erzsébet krt. 58.;Budapest;\N;Hungary;H-1073;\N;\N;ladislav_kovacs@apple.hu;3
46;Hugh;O'Reilly;\N;3 Chatham Street;Dublin;Dublin;Ireland;\N;+353 01 6792424;\N;hughoreilly@apple.ie;3
47;Lucas;Mancini;\N;Via Degli Scipioni, 43;Rome;RM;Italy;00192;+39 06 39733434;\N;lucas.mancini@yahoo.it;5
48;Johannes;Van der Berg;\N;Lijnbaansgracht 120bg;Amsterdam;VV;Netherlands;1016;+31 020 6223130;\N;johavanderberg@yahoo.nl;5
49;Stanislaw;Wójcik;\N;Ordynacka 10;Warsaw;\N;Poland;00-358;+48 22 828 37 39;\N;stanislaw.wójcik@wp.pl;4
50;Enrique;Muñoz;\N;C/ San Bernardo 85;Madrid;\N;Spain;28015;+34 914 454 454;\N;enrique_munoz@yahoo.es;5
51;Joakim;Johansson;\N;Celsiusg. 9;Stockholm;\N;Sweden;11230;+46 08-651 52 52;\N;joakim.johansson@yahoo.se;5
52;Emma;Jones;\N;202 Hoxton Street;London;\N;United Kingdom;N1 5LH;+44 020 7707 0707;\N;emma_jones@hotmail.com;3
53;Phil;Hughes;\N;113 Lupus St;London;\N;United Kingdom;SW1V 3EN;+44 020 7976 5722;\N;phil.hughes@gmail.com;3
54;Steve;Murray;\N;110 Raeburn Pl;Edinburgh;\N;United Kingdom;EH4 1HH;+44 0131 315 3300;\N;steve.murray@yahoo.uk;5
55;Mark;Taylor;\N;421 Bourke Street;Sidney;NSW;Australia;2010;+61 (02) 9332 3633;\N;mark.taylor@yahoo.au;4
56;Diego;Gutiérrez;\N;307 Macacha Güemes;Buenos Aires;\N;Argentina;1106;+54 (0)11 4311 4333;\N;diego.gutierrez@yahoo.ar;4
57;Luis;Rojas;\N;Calle Lira, 198;Santiago;\N;Chile;\N;+56 (0)2 635 4444;\N;luisrojas@yahoo.cl;5
58;Manoj;Pareek;\N;12,Community Centre;Delhi;\N;India;110017;+91 0124 39883988;\N;manoj.pareek@rediff.com;3
59;Puja;Srivastava;\N;3,Raj Bhavan Road;Bangalore;\N;India;560001;+91 080 22289999;\N;puja_srivastava@yahoo.in;3
60;Austin;Hubbard;company;address;city;state;country;postalCode;phone;fax;email;3
61;Ian;Smith;company;address;city;state;country;postalCode;phone;fax;email;3
62;Aaron;Barnes;company;address;city;state;country;postalCode;phone;fax;email;3
63;Thomas;Torres;Microsoft;address;city;state;country;postalCode;phone;fax;email;3
64;Bradley;Richmond;Blizzard;address;city;state;country;postalCode;phone;fax;email;3
65;Ashley;Porter;Microsoft;address;city;state;country;postalCode;phone;fax;email;3
66;Nicole;Miranda;Microsoft;address;city;state;country;postalCode;phone;fax;email;3
67;Michael;Smith;Microsoft;USCGC Valenzuela\nFPO AP 43681-5983;city;state;country;postalCode;phone;fax;email;3
68;Robert;Chaney;Blizzard;437 Neal Wells Suite 681\nOlsenfurt, AS 17049-8190;city;state;country;postalCode;phone;fax;email;3
69;Terrance;Evans;Google;378 Katherine Causeway Apt. 779\nWest Kristyhaven, NE 42940;Palooza;kl;France;postalCode;phone;fax;email;3
70;Thomas;Wolfe;Apple;40082 Simmons Shore Suite 898\nNew Paula, FM 72965;Palooza;ar;Germany;O1U t5V;+502 85505056;1(780)402-6868;NeilJenkins@gmail.com;72
71;Catherine;Holmes;Microsoft;Unit 2697 Box 0927\nDPO AP 41868;Guatemala City;ar;USA;b3R w3i;+502 46964113;1(780)526-1304;AntonioWalsh@gmail.com;2
72;Theresa;Wallace;Blizzard;5516 Lewis Flats\nSouth Christinachester, VA 00654;Guatemala City;ar;Guatemala;y6q E4c;+502 66809241;1(780)496-7405;AustinColeman@gmail.com;62
73;Renee;Rojas;Apple;41819 George Mall\nNew Nicoleburgh, PA 26048-8406;Palooza;kl;USA;n6L r6E;+502 54025358;1(780)399-1525;KimMyers@gmail.com;71
74;Jennifer;Torres;Blizzard;195 Moore Lodge Apt. 669\nJosephchester, AK 24959-7258;Palooza;az;USA;P2y s2n;+502 72186240;1(780)430-9162;TerriMoore@gmail.com;33
75;Tammy;Mckay;Google;013 Burton Field\nPort Douglas, AS 69262-3334;Guatemala City;ar;Germany;q8n h8n;+502 26573484;1(780)503-3669;JohnWilson@gmail.com;3
76;Andrew;Robinson;Microsoft;235 Perez Estate\nPort Jeffrey, MP 99981;Guatemala City;ta;Guatemala;W4n O8C;+502 84278114;1(780)146-9507;KarlYu@gmail.com;29
77;Monica;Molina;Google;USNS Gomez\nFPO AA 94120;Stuttgart;ar;France;X8Q M5S;+502 85311523;1(780)778-9527;JosephEspinoza@gmail.com;71
78;Darren;Jimenez;Apple;41583 Russell River\nAdrianhaven, CO 77415;Guatemala City;ar;Guatemala;Y5c H7k;+502 43687174;1(780)215-8055;NicholasLam@gmail.com;70
79;Lisa;Zimmerman;Microsoft;4874 Robert Branch Apt. 659\nNew Bryanfort, WY 64109-7566;Palooza;ar;Germany;U1n s3s;+502 95324372;1(780)942-2792;JasonLopez@gmail.com;78
80;Dorothy;Leonard;Microsoft;USNV Barrett\nFPO AA 87342-0649;Palooza;az;USA;E1Q a4X;+502 17903973;1(780)503-4146;AndrewValdez@gmail.com;18
81;Thomas;Rodriguez;Microsoft;9165 Fischer Hill\nDrewstad, MS 00163-7155;Palooza;az;England;L8B D1o;+502 20987257;1(780)873-2676;ChadHampton@gmail.com;30
82;Karen;Riggs;Apple;USCGC Fisher\nFPO AA 18706-1607;Guatemala City;az;USA;K1v m1w;+502 97480486;1(780)376-3020;DanielGarcia@gmail.com;68
83;Karen;Hayes;Microsoft;79153 Vaughn Dale Suite 077\nWest Amandafurt, ND 19051-8905;Stuttgart;ar;France;z5A S2s;+502 96628823;1(780)786-1472;OliviaGood@gmail.com;30
84;Michael;Scott;Google;6742 Lori Common Suite 813\nNew Danielleton, OK 62075-2164;Guatemala City;ta;England;J8g I4T;+502 50513421;1(780)902-2291;ReginaSantiago@gmail.com;32
85;Kayla;Allen;Blizzard;134 Richard Crest Suite 953\nHigginsstad, ND 63702-7391;Palooza;kl;USA;y6E Z1G;+502 77829800;1(780)727-3155;MatthewHarris@gmail.com;51
86;Christopher;Clark;Apple;USNV Reeves\nFPO AE 77579-8880;Guatemala City;ar;USA;h1n O8k;+502 74495313;1(780)436-7381;EthanGonzalez@gmail.com;72
87;Paul;Graham;Apple;553 Clark Vista Apt. 283\nAngelabury, LA 55687;Stuttgart;ta;Guatemala;O7Z q1i;+502 15891631;1(780)505-1858;MelissaRivera@gmail.com;68
88;Cynthia;Farmer;Microsoft;220 Katie Route Apt. 771\nParsonsland, CT 90409;Guatemala City;az;Germany;R4v s6Q;+502 74264385;1(780)953-5036;EricaMurray@gmail.com;24
89;Katherine;George;Google;28028 Haley Views Apt. 545\nNorth Mary, DE 81510-7100;Palooza;az;USA;r4n z1f;+502 26056201;1(780)401-8734;AaronTurner@gmail.com;2
90;Cindy;Lopez;Apple;96836 Courtney Creek\nAlexisville, MP 32421-1780;Stuttgart;ta;France;n7W D5L;+502 43827489;1(780)677-7730;JosephMendoza@gmail.com;48
91;Kristen;Rasmussen;Apple;7703 Christopher Field\nHannahland, DC 20627-4003;Stuttgart;ar;USA;d8g Y5o;+502 84458524;1(780)808-5241;DouglasFowler@gmail.com;70
92;Paul;Larsen;Apple;946 Jeffrey Wall Suite 288\nEast Connieville, AK 25620;Palooza;kl;England;N3R V4A;+502 54810586;1(780)109-2684;TerriMiller@gmail.com;35
93;Derek;Price;Microsoft;12128 Church Inlet\nKevinborough, GA 26424-3102;Palooza;az;Germany;q1t G5c;+502 33401598;1(780)406-3164;KevinStephenson@gmail.com;81
94;Travis;Andrade;Microsoft;4339 Christopher Trace\nSmithberg, FL 83129-8389;Palooza;az;Guatemala;o7a a1w;+502 95957964;1(780)699-6394;StephenGarrett@gmail.com;18
95;Richard;Roman;Apple;987 Anna Row\nLaurenton, OR 13950-9451;Guatemala City;az;France;d2D W6M;+502 34565766;1(780)449-4540;KennethPorter@gmail.com;42
96;Donna;Vargas;Apple;47444 Ryan Circles\nJeremiahland, IA 17826-3789;Stuttgart;ta;France;A8c p4q;+502 43241757;1(780)384-5583;SavannahPineda@gmail.com;40
97;Mikayla;Jackson;Microsoft;85800 Vanessa Rapids\nJonesmouth, SD 57735-7662;Guatemala City;ar;England;s1e l7N;+502 21928597;1(780)292-9825;CourtneyCortez@gmail.com;76
98;Ricky;Frost;Blizzard;882 Andrew Shore\nEast Trevor, GU 44424-7492;Guatemala City;ta;Guatemala;H4X T6a;+502 40321591;1(780)867-8923;MichaelAdams@gmail.com;42
99;Daniel;Hoffman;Microsoft;70156 Brown Pine Suite 260\nPort Jason, MP 18666;Guatemala City;ar;USA;W8O C8g;+502 28682431;1(780)805-1054;TanyaDavis@gmail.com;16
100;Amanda;Grant;Apple;154 Shaw Passage Suite 274\nWest Jasonmouth, IN 58449;Guatemala City;ar;USA;o1x z2V;+502 50359043;1(780)956-1236;JillCampbell@gmail.com;54
101;Craig;Santana;Apple;686 Robinson Knolls\nWest Grace, MP 11994;Guatemala City;az;USA;o7T T7c;+502 63570927;1(780)760-2347;KendraMaxwell@gmail.com;50
102;Robert;Smith;Google;738 Nicole Well Apt. 794\nNew Gregoryville, AR 71228;Guatemala City;ar;USA;n5k j4n;+502 14356181;1(780)294-2136;RobertMoses@gmail.com;83
103;Julie;Richards;Microsoft;6303 Krystal Key Suite 269\nLindaland, OR 35562-5460;Palooza;ar;USA;q2u I7o;+502 30974416;1(780)787-8851;KatherineJames@gmail.com;11
104;Cheryl;Hanna;Apple;81765 Gregory Keys\nMartinezland, HI 88351-7566;Stuttgart;az;Germany;b3m F6h;+502 27294838;1(780)328-8456;NatalieDudley@gmail.com;86
105;Ryan;Hampton;Microsoft;9599 Lisa Port\nYoungfurt, IA 13543-8357;Palooza;az;England;k6q M5m;+502 26013947;1(780)318-2606;VictoriaJohnson@gmail.com;69
106;Anthony;Figueroa;Blizzard;714 Christopher Run Apt. 080\nPort David, FM 55146-2378;Guatemala City;az;England;R4A k5g;+502 15452360;1(780)574-8224;AmyHolland@gmail.com;53
107;Patricia;Mata;Apple;USCGC Perez\nFPO AA 05778;Stuttgart;kl;Guatemala;w3c S5F;+502 65098821;1(780)774-7038;EdwardJohnson@gmail.com;55
108;Jessica;Ward;Apple;50442 Gentry Coves Apt. 461\nNorth Anthonyton, RI 26917;Stuttgart;ar;Guatemala;J6t C2u;+502 72083198;1(780)994-2126;MichaelCruz@gmail.com;26
109;Stephanie;Ortiz;Microsoft;2305 John Radial Suite 742\nMillerfort, IA 58021-8343;Stuttgart;kl;USA;n1x k7K;+502 54413698;1(780)372-9181;SusanAllen@gmail.com;7
110;Adrian;Velez;Google;54214 Reynolds Station\nNew Cherylburgh, NJ 98683-8063;Stuttgart;ta;Germany;j3t O3P;+502 56394660;1(780)964-7088;KathrynHansen@gmail.com;80
111;Pamela;Ayala;Microsoft;948 Matthew Inlet Apt. 315\nCharlesfort, IN 15811-3585;Guatemala City;kl;Guatemala;Y1M V7T;+502 15353517;1(780)125-5856;LoriWalker@gmail.com;95
112;Wendy;Nguyen;Apple;25628 Ashley Courts Suite 172\nSimmonschester, CT 42497;Stuttgart;ar;USA;P7O X2U;+502 59593569;1(780)639-2130;BrittanyMarks@gmail.com;79
113;Eric;Dillon;Google;34141 Padilla Rue Suite 144\nWalkerton, MS 94221-8023;Palooza;ta;USA;F5b C6m;+502 68842044;1(780)275-5488;AprilWalker@gmail.com;76
114;Kenneth;Harmon;Google;74328 Burnett Estate\nPort Cathy, NC 53273;Guatemala City;ar;England;k4S w8E;+502 57977276;1(780)801-3066;PamJames@gmail.com;14
115;Rebekah;Rodriguez;Blizzard;Unit 9632 Box 6761\nDPO AA 62987-0280;Palooza;ar;USA;Y4O J1c;+502 65636340;1(780)293-8708;JamesDuran@gmail.com;8
116;Andrea;Roberson;Microsoft;6060 Carol Junctions Apt. 175\nPort Susan, UT 87351-6332;Palooza;ta;USA;k2m I5u;+502 98314588;1(780)109-1398;BrandonHansen@gmail.com;98
117;Ricky;Cox;Google;380 Heather River Apt. 622\nAmandaport, NJ 70860-1040;Guatemala City;kl;USA;Q8H g8s;+502 65510237;1(780)153-7342;KathleenGarcia@gmail.com;101
118;Jessica;Fowler;Apple;0244 Ann Manor\nNorth John, GA 65942-5625;Palooza;ar;France;k6a l3F;+502 48358924;1(780)596-4648;StuartRogers@gmail.com;31
119;Kimberly;Sullivan;Microsoft;52987 Williamson Corner Apt. 562\nSummerberg, ID 04614-4921;Stuttgart;ar;England;q4G v2d;+502 98057938;1(780)779-6915;JustinFlores@gmail.com;98
120;Marisa;Barnes;Apple;1885 Boyd Skyway Apt. 921\nWest Cynthia, MN 36305;Palooza;ta;Guatemala;Y1v y7Q;+502 25028103;1(780)332-7524;ShawnMartin@gmail.com;41
121;Patricia;Garcia;Google;779 Wolfe Vista\nJennymouth, OK 92539;Stuttgart;ar;France;v6z q8a;+502 21830242;1(780)340-8177;PeterGraham@gmail.com;6
122;Jennifer;Moran;Microsoft;933 Robertson Springs\nEast Jamesfurt, RI 38259-0240;Guatemala City;az;England;w3F T4O;+502 65432264;1(780)338-3321;AnneWilson@gmail.com;33
123;Shawna;Smith;Blizzard;224 Gonzales Alley Suite 026\nEast Zachary, VT 29765;Palooza;ar;USA;X3Q I8r;+502 45565827;1(780)624-9613;HeatherJohnson@gmail.com;96
124;Alan;Foster;Google;592 Amber Course\nEast Graceshire, MO 77808-0531;Guatemala City;kl;Guatemala;N5h e1I;+502 41052118;1(780)764-6895;JustinWatson@gmail.com;112
125;Seth;Aguilar;Google;9951 Laura Path Suite 920\nEast Andreatown, VI 72169-5546;Palooza;az;Germany;l2U K7n;+502 20704837;1(780)663-5828;TonyaCampbell@gmail.com;34
126;Marissa;Leonard;Microsoft;451 Cook Parkways Apt. 804\nSouth Daniel, FL 62415-8380;Guatemala City;ar;USA;m2f Q2a;+502 36359449;1(780)864-7768;ShellyYang@gmail.com;63
127;Alicia;Olson;Blizzard;Unit 6436 Box 2186\nDPO AA 37512;Stuttgart;ar;USA;h6F b3V;+502 78804503;1(780)544-5891;KristenLopez@gmail.com;13
